Designator,Footprint,Quantity,Value,LCSC Part #
BT1,Battery_NPXXX,1,Battery,
"C1, C10, C12, C15, C2, C3, C4, C7",0805,8,10uF,
C11,0805,1,1uF,
"C13, C14, C5, C6",0805,4,22uF,
C8,0603,1,47nF,
C9,0603,1,4.7uF,
D7,0603,1,LED,
J2,PinHeader_1x04_P2.54mm_Vertical,1,Conn_01x04_Pin,
J3,PinSocket_2x06_P2.54mm_Vertical,1,Conn_02x06_Odd_Even,
L1,L_APV_APH0530,1,2.2uH,
L2,L_Chilisin_BMRA00050520,1,1uH,
Q1,TO-252-2,1,SUD50P08-25L,
"Q2, Q4",SOT-23-3,2,2N7002K-T1-E3,2N7002K-T1-E3
"R1, R10, R11, R12, R15, R16, R17, R18, R2, R22, R25, R27, R7, TH1",0603,14,10K,
"R13, R19, R20, R21",0603,4,220,
"R14, R9",0603,2,0,
R26,0603,1,1K,
R28,R_Shunt_Vishay_WSK2512_6332Metric_T1.19mm,1,5mOhm,
R3,0603,1,167K,
R4,0603,1,36.5K,
R5,0603,1,5.23K,
R6,0603,1,30.1K,
R8,0603,1,500,
"SW1, SW5",SW_Push_2P2T_Toggle_SMD_Short,2,SW_Slide_DPDT,
"SW2, SW3, SW4",SW_TL3340AF160QG,3,SW_Push,
"TP1, TP2, TP4, TP5, TP6, TP7",TestPoint_Pad_D1.5mm,6,TestPoint,
U1,SOT5X3-6_DRL_TEX,1,TPS565247DRLR,
U2,VQFN24_RGE_TEX,1,BQ25883RGER,
U3,QFN-28_4x4mm_P0.5mm,1,STM32C071G8UxN,
U4,SOT_32AIDDFR_TEX,1,INA232AIDDFR,
