Designator,Mid X,Mid Y,Rotation,Layer
BT1,0.0,-2.5,0.0,bottom
C1,0.0,-11.0,180.0,top
C10,12.8,-0.5,90.0,top
C11,-1.8,5.475632,0.0,top
C12,-14.4,6.7,180.0,top
C13,7.4,-1.3,0.0,top
C14,7.4,0.8,0.0,top
C15,10.7,-0.5,90.0,top
C2,-6.2,-7.6,0.0,top
C3,-6.2,-9.8,0.0,top
C4,-1.6,38.0,180.0,top
C5,-4.6,-2.5,270.0,top
C6,-6.7,-2.5,270.0,top
C7,0.0,-8.7,180.0,top
C8,3.9,-2.3,270.0,top
C9,12.5,-4.8,180.0,top
D7,17.175,6.3,180.0,top
J2,0.0,10.0,270.0,top
J3,0.025,44.47,270.0,bottom
L1,-10.7,-3.7,90.0,top
L2,0.0,-4.3,270.0,top
Q1,2.74,26.0,0.0,top
Q2,-5.8,25.6,270.0,top
Q4,-5.8,34.5,270.0,top
R1,5.5,-12.6,270.0,top
R10,-12.0,9.6,90.0,top
R11,-10.4,9.6,90.0,top
R12,-1.8,7.4,180.0,top
R13,-5.9,37.2,0.0,top
R14,-1.8,3.6,0.0,top
R15,-5.7,30.1,0.0,top
R16,7.1,-12.6,270.0,top
R17,12.5,-8.0,0.0,top
R18,9.6,-12.6,270.0,top
R19,13.775,6.3,0.0,top
R2,-12.3,-12.5,90.0,top
R20,-5.7,28.5,0.0,top
R21,-5.7,21.3,0.0,top
R22,-5.7,22.9,180.0,top
R25,-5.7,31.8,180.0,top
R26,-13.9,-12.5,90.0,top
R27,-1.6,32.3,0.0,top
R28,2.6,35.1,90.0,top
R3,-10.7,-12.5,90.0,top
R4,-9.1,-12.5,270.0,top
R5,12.5,-6.4,180.0,top
R6,12.5,-11.2,180.0,top
R7,-14.4,4.8,180.0,top
R8,12.5,-9.6,180.0,top
R9,-14.4,3.2,180.0,top
SW1,-19.0,-10.5,0.0,top
SW2,-18.0,-18.8,0.0,top
SW3,0.0,-18.9,0.0,top
SW4,18.0,-18.8,0.0,top
SW5,19.0,-10.5,0.0,top
TH1,12.67,-12.8,0.0,top
U1,-10.7,-9.1,270.0,top
U2,7.3558,-7.0,90.0,top
U3,-7.6,5.0,90.0,top
U4,-1.6,35.1,180.0,top
